question,category,expected_answer,actual_answer,expected_source,expected_page,subject,is_out_of_scope,refused,refusal_correct,answer_token_f1,source_hit,page_hit,top_retrieval_score,latency_ms
Quy trình phát triển kiểm thử gồm những hoạt động nào?,process,"Quy trình gồm phân tích kiểm thử để xác định điều kiện kiểm thử, thiết kế kiểm thử để đặc tả test case, và triển khai kiểm thử để đặc tả thủ tục hoặc script kiểm thử.","Dựa trên tài liệu, Account number 5 6 7 invalid valid invalid number of digits: first character: invalid: zero valid: non-zero Conditions Valid Partitions Invalid Partitions Valid Boundaries Invalid Boundaries Account number 6 digits 1st non-zero < 6 digits > 6 digits 1st digit = 0 non-digit 100000 999999 5 digits 7 digits 0 digits Test objectives?  For a thorough approach: VP, IP, VB, IB  Under time pressure, depends on your test objective - minimal user-confidence: VP only? - maximum fault finding: VB first (plus IB?) Condition Valid Partition Tag Invalid Partition Tag Valid Boundary Tag Invalid Boundary Tag

Nguồn: [SWT4.pdf, trang 14]; [SWT4.pdf, trang 19]; [UseCaseDetailedSpecification.pdf, trang 4]",SWT4.pdf,3,Software Testing,False,False,True,0.0135,True,False,0.1083,12.49
Ba loại kỹ thuật kiểm thử có hệ thống là gì?,listing,"Ba loại là kiểm thử tĩnh không thực thi, kiểm thử chức năng hộp đen dựa trên hành vi/chức năng, và kiểm thử cấu trúc hộp trắng dựa trên cấu trúc phần mềm.","Dựa trên tài liệu, COMP 3111 4-92 System Requirements Capture8 October 2018© ASU: Use-case Detailed Specification—Style 2 (cont'd) Alternative Flows A1: Invalid Term At {Select Activity} if the entered term or year is invalid, 1. The system informs the Instructo r that the term or year is invalid. 2. The flow of events is resumed at {Enter Term}.

Nguồn: [UseCaseDetailedSpecification.pdf, trang 6]; [UseCaseDetailedSpecification.pdf, trang 3]; [SWT4.pdf, trang 42]",SWT4.pdf,5,Software Testing,False,False,True,0.0367,True,False,0.1367,12.81
Black-box và white-box thường được sử dụng ở các mức kiểm thử nào?,comparison,Black-box phù hợp ở mọi mức nhưng chiếm ưu thế ở các mức cao; white-box chủ yếu dùng ở các mức thấp để bổ sung cho black-box.,"Dựa trên tài liệu, Black box versus white box? Integration Component Acceptance System Black box appropriate at all levels but dominates higher levels of testing White box used predominately at lower levels to compliment black box Contents The test development process Categories of test design techniques Black and White box testing Black box test techniques White box test techniques Experience-based techniques Choosing a test technique Test Design Techniques 1 2 3 4 5 6 Foundation Of Software Testing Contents The test development process Categories of test design techniques Black and White box testing Black box test techniques White box test techniques Experience-based techniques Choosing a test technique Test Design Techniques 1 2 3 4 5 6 Foundation Of Software Testing

Nguồn: [SWT4.pdf, trang 7]; [SWT4.pdf, trang 2]; [SWT4.pdf, trang 4]",SWT4.pdf,7,Software Testing,False,False,True,0.0727,True,True,0.3532,12.18
Equivalence partitioning là gì?,definition,"Equivalence partitioning chia đầu vào, đầu ra hoặc dữ liệu thành các vùng tương đương; giả định rằng nếu một giá trị hoạt động thì các giá trị trong cùng phân vùng cũng hoạt động.","Dựa trên tài liệu, Equivalence partitioning (EP) - divide (partition) the inputs, outputs, etc. Black Box test design and measurement techniques  Techniques defined in BS 7925-2 - Equivalence partitioning - Boundary value analysis - State transition testing - Cause-effect graphing - Syntax testing - Random testing  Also defines how to specify other techniques = Yes = No Also a measurement technique? Some test techniques Static Dynamic Structural Behavioural Functional Non-functional Reviews Walkthroughs Desk-checking Data Flow Symbolic Execution Definition -Use Statement Branch/Decision Branch Condition Branch Condition Combination LCSAJ Arcs Equivalence Partitioning Boundary Value Analysis Cause-Effect Graphing Random Usability Performance Static Analysis Inspection Control Flow etc. into areas which are the same (equivalent) - assumption: if one value works, all will work - one from each partition better than all from one 1 100 101 0 valid invalid invalid

Nguồn: [SWT4.pdf, trang 10]; [SWT4.pdf, trang 9]; [SWT4.pdf, trang 6]",SWT4.pdf,10,Software Testing,False,False,True,0.0333,True,True,0.4688,12.61
Boundary value analysis tập trung kiểm thử ở đâu?,definition,Boundary value analysis tập trung vào các giá trị ở hai phía của biên vì lỗi thường xuất hiện gần biên.,"Dựa trên tài liệu, Boundary value analysis (BV A) - faults tend to lurk near boundaries - good place to look for faults - test values on both sides of boundaries 1 100 101 0 valid invalid invalid Black Box test design and measurement techniques  Techniques defined in BS 7925-2 - Equivalence partitioning - Boundary value analysis - State transition testing - Cause-effect graphing - Syntax testing - Random testing  Also defines how to specify other techniques = Yes = No Also a measurement technique? Some test techniques Static Dynamic Structural Behavioural Functional Non-functional Reviews Walkthroughs Desk-checking Data Flow Symbolic Execution Definition -Use Statement Branch/Decision Branch Condition Branch Condition Combination LCSAJ Arcs Equivalence Partitioning Boundary Value Analysis Cause-Effect Graphing Random Usability Performance Static Analysis Inspection Control Flow etc. - maximum fault finding: VB first (plus IB?) Condition Valid Partition Tag Invalid Partition Tag Valid Boundary Tag Invalid Boundary Tag

Nguồn: [SWT4.pdf, trang 11]; [SWT4.pdf, trang 9]; [SWT4.pdf, trang 6]",SWT4.pdf,11,Software Testing,False,False,True,0.0339,True,True,0.3046,12.69
Số tài khoản hợp lệ trong ví dụ hồ sơ vay phải thỏa điều kiện gì?,application,Số tài khoản phải có đúng 6 chữ số và chữ số đầu tiên phải khác 0.,"Dựa trên tài liệu, COMP 3111 4-89 System Requirements Capture8 October 2018© ASU: Use-case Detailed Specification—Style 1 (cont'd) Alternative Flows A1: Invalid Term At {Select Activity} if the entered term or year is invalid, 1. The system informs the Instructo r that the term or year is invalid. 2. The flow of events is resumed at {Enter Term}.

Nguồn: [UseCaseDetailedSpecification.pdf, trang 3]; [UseCaseDetailedSpecification.pdf, trang 2]; [SWT4.pdf, trang 9]",SWT4.pdf,14,Software Testing,False,False,True,0.0217,True,False,0.144,15.96
Khoản vay hợp lệ trong ví dụ loan application nằm trong khoảng nào?,application,Khoản vay hợp lệ nằm trong khoảng từ 500 đến 9000.,"Dựa trên tài liệu, Example: Loan application Customer Name Account number Loan amount requested Term of loan Monthly repayment Term: Repayment: Interest rate: Total paid back: 6 digits, 1st non-zero £500 to £9000 1 to 30 years Minimum £10 2-64 chars. The test development process  Formality of test documentation  Test analysis: identifying test conditions  Test design: specifying test cases  Test implementation: specifying test procedures or scripts Contents The test development process Categories of test design techniques Black and White box testing Black box test techniques White box test techniques Experience-based techniques Choosing a test technique Test Design Techniques 1 2 3 4 5 6 Foundation Of Software Testing Contents The test development process Categories of test design techniques Black and White box testing Black box test techniques White box test techniques Experience-based techniques Choosing a test technique Test Design Techniques 1 2 3 4 5 6 Foundation Of Software Testing

Nguồn: [SWT4.pdf, trang 12]; [SWT4.pdf, trang 3]; [SWT4.pdf, trang 2]",SWT4.pdf,15,Software Testing,False,False,True,0.0225,True,False,0.2781,12.53
Tại sao nên thực hiện cả equivalence partitioning và boundary value analysis?,reasoning,"Chỉ kiểm thử biên có thể không cho biết lỗi thuộc toàn phân vùng hay do biên đặt sai, không tạo đủ tin cậy cho tình huống sử dụng điển hình và biên có thể tốn chi phí thiết lập.","Dựa trên tài liệu, Black Box test design and measurement techniques  Techniques defined in BS 7925-2 - Equivalence partitioning - Boundary value analysis - State transition testing - Cause-effect graphing - Syntax testing - Random testing  Also defines how to specify other techniques = Yes = No Also a measurement technique? Some test techniques Static Dynamic Structural Behavioural Functional Non-functional Reviews Walkthroughs Desk-checking Data Flow Symbolic Execution Definition -Use Statement Branch/Decision Branch Condition Branch Condition Combination LCSAJ Arcs Equivalence Partitioning Boundary Value Analysis Cause-Effect Graphing Random Usability Performance Static Analysis Inspection Control Flow etc. Boundary value analysis (BV A) - faults tend to lurk near boundaries - good place to look for faults - test values on both sides of boundaries 1 100 101 0 valid invalid invalid Equivalence partitioning (EP) - divide (partition) the inputs, outputs, etc.

Nguồn: [SWT4.pdf, trang 9]; [SWT4.pdf, trang 6]; [SWT4.pdf, trang 10]",SWT4.pdf,18,Software Testing,False,False,True,0.0,True,False,0.3138,13.0
Decision table được dùng để làm gì?,definition,"Decision table dùng để khám phá các tổ hợp đầu vào, tình huống hoặc sự kiện nhằm tránh bỏ sót các tổ hợp cụ thể.","Dựa trên tài liệu, Extending decision tables  Entries can be more than just ‘true’ or ‘false’ - completing table needs to be done carefully - rationalising becomes more important  E.g. Decision coverage (Branch coverage)  percentage of decision outcomes exercised by a test suite number of decisions outcomes exercised total number of decision outcomes  example: - program has 120 decision outcomes - tests exercise 60 decision outcomes - decision coverage = 50% Typical ad hoc testing achieves 40 - 60% = Decision coverage is normally measured by a software tool. Some test techniques Static Dynamic Structural Behavioural Functional Non-functional Reviews Walkthroughs Desk-checking Data Flow Symbolic Execution Definition -Use Statement Branch/Decision Branch Condition Branch Condition Combination LCSAJ Arcs Equivalence Partitioning Boundary Value Analysis Cause-Effect Graphing Random Usability Performance Static Analysis Inspection Control Flow etc. Decision tables  explore combinations of inputs, situations or events,  it is very easy to overlook specific combinations of input  start by expressing the input conditions of interest so that they are either TRUE or FALSE – record found – file exists – code valid – policy expired – account in credit – due date > current date

Nguồn: [SWT4.pdf, trang 30]; [SWT4.pdf, trang 38]; [SWT4.pdf, trang 6]",SWT4.pdf,20,Software Testing,False,False,True,0.0184,True,True,0.2071,13.55
Các điều kiện đầu vào trong ví dụ student access là gì?,listing,"Các điều kiện đầu vào là username hợp lệ, password hợp lệ và account in credit.","Dựa trên tài liệu, Example: student access A university computer system allows students an allocation of disc space depending on their projects. If they have used all their allotted space, they are only allowed restricted access, i.e. Design test cases  usually one test case for each column but can be none or several Test Description Expected Outcome Tag 1 Username BrbU Invalid username A 2 Username usernametoolong Invalid username A 3 Username BobU Password abcd Invalid password B 4 Valid user, no disc space Restricted access C 5 Valid user with disc space Unrestricted access D Determine test case groups  each column is at least one test case Input Conditions Valid username F T T T Valid password - F T T Account in credit - - F T Output Conditions Login accepted F F T T Restricted access - - T F Tags A B C D

Nguồn: [SWT4.pdf, trang 21]; [SWT4.pdf, trang 27]; [SWT4.pdf, trang 3]",SWT4.pdf,22,Software Testing,False,False,True,0.0578,True,False,0.1979,14.86
"Trong decision table, dấu gạch ngang biểu thị điều gì?",definition,"Dấu gạch ngang biểu thị điều kiện don't care, tức giá trị của điều kiện đó không ảnh hưởng trong tổ hợp đang xét.","Dựa trên tài liệu, Extending decision tables  Entries can be more than just ‘true’ or ‘false’ - completing table needs to be done carefully - rationalising becomes more important  E.g. Decision coverage (Branch coverage)  percentage of decision outcomes exercised by a test suite number of decisions outcomes exercised total number of decision outcomes  example: - program has 120 decision outcomes - tests exercise 60 decision outcomes - decision coverage = 50% Typical ad hoc testing achieves 40 - 60% = Decision coverage is normally measured by a software tool. Decision Tables in relation to EP and BV A Input value Output value FALSE TRUE Choosing a test technique  The internal factors that influence the decision about which technique to use are: - Models used - Tester knowledge/experience - Likely defects - Test objective - Documentation - Life cycle model

Nguồn: [SWT4.pdf, trang 38]; [SWT4.pdf, trang 31]; [SWT4.pdf, trang 50]",SWT4.pdf,24,Software Testing,False,False,True,0.0,True,False,0.161,12.9
Mỗi cột trong decision table tương ứng với bao nhiêu test case?,definition,Mỗi cột là ít nhất một test case; thông thường một test case cho mỗi cột nhưng có thể không có hoặc có nhiều test case.,"Dựa trên tài liệu, Example of statement coverage Test case Input Expected output 1 7 7 As all 5 statements are ‘covered’ by this test case, we have achieved 100% statement coverage read(a) IF a > 6 THEN b = a ENDIF print b 1 2 3 4 5 Statement numbers Some test techniques Static Dynamic Structural Behavioural Functional Non-functional Reviews Walkthroughs Desk-checking Data Flow Symbolic Execution Definition -Use Statement Branch/Decision Branch Condition Branch Condition Combination LCSAJ Arcs Equivalence Partitioning Boundary Value Analysis Cause-Effect Graphing Random Usability Performance Static Analysis Inspection Control Flow etc. Design test cases  usually one test case for each column but can be none or several Test Description Expected Outcome Tag 1 Username BrbU Invalid username A 2 Username usernametoolong Invalid username A 3 Username BobU Password abcd Invalid password B 4 Valid user, no disc space Restricted access C 5 Valid user with disc space Unrestricted access D The test development process  Formality of test documentation  Test analysis: identifying test conditions  Test design: specifying test cases  Test implementation: specifying test procedures or scripts

Nguồn: [SWT4.pdf, trang 37]; [SWT4.pdf, trang 3]; [SWT4.pdf, trang 6]",SWT4.pdf,26,Software Testing,False,False,True,0.0545,True,False,0.2729,12.92
Rủi ro của việc rationalise decision table là gì?,reasoning,"Rationalising dựa trên giả định; giả định có thể sai hoặc thay đổi, và rationalise quá mức có thể làm bỏ sót lỗi.","Dựa trên tài liệu, Extending decision tables  Entries can be more than just ‘true’ or ‘false’ - completing table needs to be done carefully - rationalising becomes more important  E.g.  Assumptions should be stated  Assumptions may change over time  Be aware of the dangers - Filling in the full table may find errors which will be missed if you rationalise - It is possible to rationalise too far Decision coverage (Branch coverage)  percentage of decision outcomes exercised by a test suite number of decisions outcomes exercised total number of decision outcomes  example: - program has 120 decision outcomes - tests exercise 60 decision outcomes - decision coverage = 50% Typical ad hoc testing achieves 40 - 60% = Decision coverage is normally measured by a software tool. White Box test design and measurement techniques  Techniques defined in BS 7925-2 - Statement testing - Branch / Decision testing - Data flow testing - Branch condition testing - Branch condition combination testing - Modified condition decision testing - LCSAJ testing  Also defines how to specify other techniques = Yes = No Also a measurement technique?

Nguồn: [SWT4.pdf, trang 38]; [SWT4.pdf, trang 30]; [SWT4.pdf, trang 33]",SWT4.pdf,29,Software Testing,False,False,True,0.0398,True,True,0.2133,12.8
Statement coverage được tính như thế nào?,definition,Statement coverage là tỷ lệ số câu lệnh thực thi đã được test suite thực hiện trên tổng số câu lệnh thực thi.,"Dựa trên tài liệu, Example of statement coverage Test case Input Expected output 1 7 7 As all 5 statements are ‘covered’ by this test case, we have achieved 100% statement coverage read(a) IF a > 6 THEN b = a ENDIF print b 1 2 3 4 5 Statement numbers The test coverage trap Structure exercised, insufficient function Function exercised, insufficient structure better testing % Statement % Decision % Condition Combination Structural testedness Functional testedness 100% coverage does not mean 100% tested! Statement coverage  percentage of executable statements exercised by a test suite number of statements exercised total number of statements  example: - program has 100 statements - tests exercise 87 statements - statement coverage = 87% = Typical ad hoc testing achieves 60 - 75% Statement coverage is normally measured by a software tool. Example 4 - Cyclomatic complexity: _____ - Minimum tests to achieve: • Statement coverage: ______ • Branch coverage: _____ Read A Read B IF A < 0 THEN Print “A negative” ELSE Print “A positive” ENDIF IF B < 0 THEN Print “B negative” ELSE Print “B positive” ENDIF 3 2 2 Read End Print No Print Yes B<0 Print No Print Yes A<0 Note: there are 4 paths

Nguồn: [SWT4.pdf, trang 37]; [SWT4.pdf, trang 35]; [SWT4.pdf, trang 36]",SWT4.pdf,36,Software Testing,False,False,True,0.0441,True,True,0.4142,12.26
Decision coverage được tính như thế nào?,definition,Decision coverage là tỷ lệ số kết quả của quyết định đã được test suite thực hiện trên tổng số kết quả quyết định.,"Dựa trên tài liệu, Decision coverage (Branch coverage)  percentage of decision outcomes exercised by a test suite number of decisions outcomes exercised total number of decision outcomes  example: - program has 120 decision outcomes - tests exercise 60 decision outcomes - decision coverage = 50% Typical ad hoc testing achieves 40 - 60% = Decision coverage is normally measured by a software tool. The test coverage trap Structure exercised, insufficient function Function exercised, insufficient structure better testing % Statement % Decision % Condition Combination Structural testedness Functional testedness 100% coverage does not mean 100% tested! Coverage is not Thoroughness White Box test design and measurement techniques  Techniques defined in BS 7925-2 - Statement testing - Branch / Decision testing - Data flow testing - Branch condition testing - Branch condition combination testing - Modified condition decision testing - LCSAJ testing  Also defines how to specify other techniques = Yes = No Also a measurement technique?

Nguồn: [SWT4.pdf, trang 38]; [SWT4.pdf, trang 35]; [SWT4.pdf, trang 33]",SWT4.pdf,38,Software Testing,False,False,True,0.0575,True,True,0.4341,12.84
Tại sao đạt 100% coverage chưa có nghĩa là phần mềm đã được kiểm thử hoàn toàn?,reasoning,Coverage chỉ cho biết cấu trúc đã được thực thi; nó không đồng nghĩa với mức độ kiểm thử toàn diện hoặc bảo đảm mọi chức năng đã được kiểm thử đầy đủ.,"Dựa trên tài liệu, The test coverage trap Structure exercised, insufficient function Function exercised, insufficient structure better testing % Statement % Decision % Condition Combination Structural testedness Functional testedness 100% coverage does not mean 100% tested! into areas which are the same (equivalent) - assumption: if one value works, all will work - one from each partition better than all from one 1 100 101 0 valid invalid invalid Decision coverage (Branch coverage)  percentage of decision outcomes exercised by a test suite number of decisions outcomes exercised total number of decision outcomes  example: - program has 120 decision outcomes - tests exercise 60 decision outcomes - decision coverage = 50% Typical ad hoc testing achieves 40 - 60% = Decision coverage is normally measured by a software tool. Coverage is not Thoroughness

Nguồn: [UseCaseDetailedSpecification.pdf, trang 5]; [SWT4.pdf, trang 10]; [SWT4.pdf, trang 38]",SWT4.pdf,35,Software Testing,False,False,True,0.012,True,True,0.1946,13.27
Hai kỹ thuật kiểm thử dựa trên kinh nghiệm được nêu trong tài liệu là gì?,listing,Hai kỹ thuật là error guessing/fault attacks và exploratory testing.,"Dựa trên tài liệu, The test development process  Formality of test documentation  Test analysis: identifying test conditions  Test design: specifying test cases  Test implementation: specifying test procedures or scripts Contents The test development process Categories of test design techniques Black and White box testing Black box test techniques White box test techniques Experience-based techniques Choosing a test technique Test Design Techniques 1 2 3 4 5 6 Foundation Of Software Testing Contents The test development process Categories of test design techniques Black and White box testing Black box test techniques White box test techniques Experience-based techniques Choosing a test technique Test Design Techniques 1 2 3 4 5 6 Foundation Of Software Testing Contents The test development process Categories of test design techniques Black and White box testing Black box test techniques White box test techniques Experience-based techniques Choosing a test technique Test Design Techniques 1 2 3 4 5 6 Foundation Of Software Testing

Nguồn: [SWT4.pdf, trang 3]; [SWT4.pdf, trang 2]; [SWT4.pdf, trang 4]",SWT4.pdf,48,Software Testing,False,False,True,0.011,True,False,0.2005,12.73
Những yếu tố nội bộ nào ảnh hưởng đến việc chọn kỹ thuật kiểm thử?,listing,"Các yếu tố nội bộ gồm model sử dụng, kiến thức và kinh nghiệm tester, lỗi có khả năng xảy ra, mục tiêu kiểm thử, tài liệu và mô hình vòng đời.","Dựa trên tài liệu, Design test cases Test Case Description Expected Outcome New Tags Covered 1 2 Name: John Smith Acc no: 123456 Loan: 2500 Term: 3 years Name: AB Acc no: 100000 Loan: 500 Term: 1 year Term: 3 years Repayment: 79.86 Interest rate: 10% Total paid: 2874.96 Term: 1 year Repayment: 44.80 Interest rate: 7.5% Total paid: 537.60 V1, V2, V3, V4, V5 ..... B1, B3, B5, ..... Black Box test design and measurement techniques  Techniques defined in BS 7925-2 - Equivalence partitioning - Boundary value analysis - State transition testing - Cause-effect graphing - Syntax testing - Random testing  Also defines how to specify other techniques = Yes = No Also a measurement technique? Paths through code with loops ?

Nguồn: [SWT4.pdf, trang 17]; [SWT4.pdf, trang 9]; [SWT4.pdf, trang 40]",SWT4.pdf,50,Software Testing,False,False,True,0.0244,True,False,0.1411,13.67
Những yếu tố bên ngoài nào ảnh hưởng đến việc chọn kỹ thuật kiểm thử?,listing,"Các yếu tố bên ngoài gồm rủi ro, yêu cầu khách hàng hoặc hợp đồng, loại hệ thống, yêu cầu pháp lý, thời gian và ngân sách.","Dựa trên tài liệu, Black Box test design and measurement techniques  Techniques defined in BS 7925-2 - Equivalence partitioning - Boundary value analysis - State transition testing - Cause-effect graphing - Syntax testing - Random testing  Also defines how to specify other techniques = Yes = No Also a measurement technique? White Box test design and measurement techniques  Techniques defined in BS 7925-2 - Statement testing - Branch / Decision testing - Data flow testing - Branch condition testing - Branch condition combination testing - Modified condition decision testing - LCSAJ testing  Also defines how to specify other techniques = Yes = No Also a measurement technique? Decision coverage (Branch coverage)  percentage of decision outcomes exercised by a test suite number of decisions outcomes exercised total number of decision outcomes  example: - program has 120 decision outcomes - tests exercise 60 decision outcomes - decision coverage = 50% Typical ad hoc testing achieves 40 - 60% = Decision coverage is normally measured by a software tool. True False ?

Nguồn: [SWT4.pdf, trang 9]; [SWT4.pdf, trang 33]; [SWT4.pdf, trang 38]",SWT4.pdf,51,Software Testing,False,False,True,0.0,True,False,0.1727,15.85
Điểm khác biệt chính giữa Style 1 và Style 2 của use-case detailed specification là gì?,comparison,"Style 1 không sử dụng subflow, còn Style 2 tách các hoạt động như Create Schedule và Modify Schedule thành các subflow.","Dựa trên tài liệu, COMP 3111 4-92 System Requirements Capture8 October 2018© ASU: Use-case Detailed Specification—Style 2 (cont'd) Alternative Flows A1: Invalid Term At {Select Activity} if the entered term or year is invalid, 1. COMP 3111 4-91 System Requirements Capture8 October 2018© ASU: Use-case Detailed Specification—Style 2 (cont'd) Subflows S1: Create Schedule {Begin Creating Schedule} 1. COMP 3111 4-90 System Requirements Capture8 October 2018© ASU: Use-case Detailed Specification—Style 2 Use Case: Select Courses To Teach Brief Description This use case describes how a professor selects courses to teach for a term that has not started. COMP 3111 4-87 System Requirements Capture8 October 2018© ASU: Use-case Detailed Specification—Style 1 Use Case: Select Courses To Teach Brief Description This use case describes how a professor selects courses to teach for a term that has not started.

Nguồn: [UseCaseDetailedSpecification.pdf, trang 4]; [UseCaseDetailedSpecification.pdf, trang 1]; [UseCaseDetailedSpecification.pdf, trang 6]",UseCaseDetailedSpecification.pdf,4,Software Testing,False,False,True,0.0761,True,True,0.3694,16.2
Chữ 日 có nghĩa và cách đọc chính nào?,definition,"日 có nghĩa là ngày hoặc mặt trời; các cách đọc được nêu gồm にち, か, じつ, ひ và び.","Dựa trên tài liệu, だれと ほんをよんでいますか だれが ほんをよんでいますか Phan Thị Thu Hiền 先生(hienptt57） 46 ほんをよみます ナタポンさん Đọc sách với bạn なにをしていますか？ なにをしていますか？ だれと おんがくをきいていますか？

Nguồn: [speaking test bai 6+7.pdf, trang 46]; [speaking test bai 6+7.pdf, trang 45]; [speaking test bai 6+7.pdf, trang 12]",chu han.pdf,12,Chữ Hán,False,False,True,0.0286,True,True,0.1478,19.58
日本 đọc như thế nào và có nghĩa là gì?,reading,日本 đọc là にほん hoặc にっぽん và có nghĩa là Nhật Bản.,"Dựa trên tài liệu, だれと ほんをよんでいますか だれが ほんをよんでいますか Phan Thị Thu Hiền 先生(hienptt57） 46 ほんをよみます ナタポンさん Đọc sách với bạn 日本 にほん にっぽん Nhật Bản １０日 とおか Mùng 10 日曜日 にちようび Chủ nhật 13 誕生日 たんじょうび Ngày sinh nhật 火 水 金 土 日 木 月 やすみの日 やすみのひ Ngày nghỉ なにをしていますか？ 今日 小学校の後ろで 田中先生に 会いました。

Nguồn: [speaking test bai 6+7.pdf, trang 46]; [chu han.pdf, trang 13]; [speaking test bai 6+7.pdf, trang 17]",chu han.pdf,13,Chữ Hán,False,False,True,0.1333,True,True,0.1902,17.56
Chữ 月 có nghĩa và cách đọc nào?,definition,"月 có nghĩa là mặt trăng hoặc tháng; cách đọc gồm げつ, がつ và つき.","Dựa trên tài liệu, 月 つき 月 つき だれと ほんをよんでいますか だれが ほんをよんでいますか Phan Thị Thu Hiền 先生(hienptt57） 46 ほんをよみます ナタポンさん Đọc sách với bạn 一月 いちがつ Tháng 1 四月 しがつ Tháng 4 七月 しちがつ Tháng 7 十二月 じゅうにがつ Tháng 12 月曜日 げつようび Ｔhứ 2 月 つき Mặt trăng

Nguồn: [chu han.pdf, trang 24]; [chu han.pdf, trang 36]; [speaking test bai 6+7.pdf, trang 46]",chu han.pdf,14,Chữ Hán,False,False,True,0.1446,True,False,0.1938,17.56
月曜日 đọc như thế nào và là thứ mấy?,reading,月曜日 đọc là げつようび và có nghĩa là thứ Hai.,"Dựa trên tài liệu, 何月 なんがつ tháng mấy 何日 なんにち ngày mấy 何才 なんさい mấy tuổi 何人 なんにん mấy người 何曜日 なんようび Thứ mấy 何ですか 何を なんですか なにをしますか Cái gì ～曜日 ～ようび Thứ ～ https://youtu.be/Y_1VVBEC96I?si=GgvWIXqNVGx6 5ATp ひ: lửa (HỎA) か Lửa 火 水 金 土 月 木 火曜日 かようび Thứ 3 花火 はなび pháo hoa 月曜日 げつようび

Nguồn: [chu han.pdf, trang 66]; [chu han.pdf, trang 9]; [chu han.pdf, trang 16]",chu han.pdf,15,Chữ Hán,False,False,True,0.069,True,False,0.3169,17.55
火曜日 đọc như thế nào và là thứ mấy?,reading,火曜日 đọc là かようび và có nghĩa là thứ Ba.,"Dựa trên tài liệu, 何月 なんがつ tháng mấy 何日 なんにち ngày mấy 何才 なんさい mấy tuổi 何人 なんにん mấy người 何曜日 なんようび Thứ mấy 何ですか 何を なんですか なにをしますか Cái gì ひ: lửa (HỎA) か Lửa 火 水 金 土 月 木 火曜日 かようび Thứ 3 花火 はなび pháo hoa a)火曜日 b)水曜日 c)月曜日 d)土曜日 ～曜日 ～ようび Thứ ～ https://youtu.be/Y_1VVBEC96I?si=GgvWIXqNVGx6 5ATp

Nguồn: [chu han.pdf, trang 66]; [chu han.pdf, trang 16]; [chu han.pdf, trang 46]",chu han.pdf,16,Chữ Hán,False,False,True,0.0645,True,True,0.3169,17.96
花火 đọc như thế nào và nghĩa là gì?,reading,花火 đọc là はなび và nghĩa là pháo hoa.,"Dựa trên tài liệu, 花火 はなび 花火 はなび ひ: lửa (HỎA) か Lửa 火 水 金 土 月 木 火曜日 かようび Thứ 3 花火 はなび pháo hoa だれと ほんをよんでいますか だれが ほんをよんでいますか Phan Thị Thu Hiền 先生(hienptt57） 46 ほんをよみます ナタポンさん Đọc sách với bạn

Nguồn: [chu han.pdf, trang 26]; [chu han.pdf, trang 38]; [chu han.pdf, trang 16]",chu han.pdf,16,Chữ Hán,False,False,True,0.1449,True,True,0.2077,17.5
水曜日 đọc như thế nào và là thứ mấy?,reading,水曜日 đọc là すいようび và có nghĩa là thứ Tư.,"Dựa trên tài liệu, 何月 なんがつ tháng mấy 何日 なんにち ngày mấy 何才 なんさい mấy tuổi 何人 なんにん mấy người 何曜日 なんようび Thứ mấy 何ですか 何を なんですか なにをしますか Cái gì みず: nước (THỦY) すい Nước 火 水 金 土 月 木 水曜日 すいようび Thứ 4 水 みず Nước a)火曜日 b)水曜日 c)月曜日 d)土曜日 ～曜日 ～ようび Thứ ～ https://youtu.be/Y_1VVBEC96I?si=GgvWIXqNVGx6 5ATp

Nguồn: [chu han.pdf, trang 66]; [chu han.pdf, trang 17]; [chu han.pdf, trang 46]",chu han.pdf,17,Chữ Hán,False,False,True,0.0652,True,True,0.3169,17.71
Chữ 木 đọc thế nào và nghĩa là gì?,definition,"木 đọc là き, có nghĩa là cây hoặc gỗ; âm Hán được nêu là もく.","Dựa trên tài liệu, だれと ほんをよんでいますか だれが ほんをよんでいますか Phan Thị Thu Hiền 先生(hienptt57） 46 ほんをよみます ナタポンさん Đọc sách với bạn (HÀ) なに/ なん: cái gì/ gì なにをしていますか？ しゅうまつ、ひまでした。私は ともだちと えい がを 見に行きました。おもしろいえいがでした。

Nguồn: [speaking test bai 6+7.pdf, trang 46]; [chu han.pdf, trang 65]; [speaking test bai 6+7.pdf, trang 15]",chu han.pdf,18,Chữ Hán,False,False,True,0.027,True,True,0.1426,17.68
お金 đọc như thế nào và nghĩa là gì?,reading,お金 đọc là おかね và có nghĩa là tiền.,"Dựa trên tài liệu, かね: tiền (KIM) きん Tiền Vàng 火 水 金 土 月 木 金曜日 きんようび Thứ 6 お金 おかね Tiền お金 おかね お金 おかね だれと ほんをよんでいますか だれが ほんをよんでいますか Phan Thị Thu Hiền 先生(hienptt57） 46 ほんをよみます ナタポンさん Đọc sách với bạn

Nguồn: [chu han.pdf, trang 19]; [chu han.pdf, trang 32]; [chu han.pdf, trang 44]",chu han.pdf,19,Chữ Hán,False,False,True,0.1159,True,True,0.2293,17.27
土曜日 đọc như thế nào và là thứ mấy?,reading,土曜日 đọc là どようび và có nghĩa là thứ Bảy.,"Dựa trên tài liệu, 何月 なんがつ tháng mấy 何日 なんにち ngày mấy 何才 なんさい mấy tuổi 何人 なんにん mấy người 何曜日 なんようび Thứ mấy 何ですか 何を なんですか なにをしますか Cái gì つち: đất (THỔ) ど Đất 火 水 金 土 月 木 土曜日 どようび Thứ 7 ～曜日 ～ようび Thứ ～ https://youtu.be/Y_1VVBEC96I?si=GgvWIXqNVGx6 5ATp 土曜日 どようび

Nguồn: [chu han.pdf, trang 66]; [chu han.pdf, trang 20]; [chu han.pdf, trang 9]",chu han.pdf,20,Chữ Hán,False,False,True,0.0723,True,True,0.3169,19.16
Chữ 年 có những cách đọc và nghĩa nào?,definition,"年 có cách đọc ねん nghĩa là năm, và とし nghĩa là năm hoặc tuổi.","Dựa trên tài liệu, だれと ほんをよんでいますか だれが ほんをよんでいますか Phan Thị Thu Hiền 先生(hienptt57） 46 ほんをよみます ナタポンさん Đọc sách với bạn なにをしていますか？ しゅうまつ、ひまでした。私は ともだちと えい がを 見に行きました。おもしろいえいがでした。 それから、ちゅうごくのレストランで ひるごはん を 食べました。おいしかったです。レストランで 大学の先生に 会いました。先生は かぞくと ごはんを 食事しました。よる、おんがくを聞きま した。それから、本を読みました。11時にねます。

Nguồn: [speaking test bai 6+7.pdf, trang 46]; [speaking test bai 6+7.pdf, trang 15]; [chu han.pdf, trang 6]",chu han.pdf,60,Chữ Hán,False,False,True,0.0233,True,False,0.1134,17.72
何年 đọc như thế nào và có nghĩa là gì?,reading,何年 đọc là なんねん và có nghĩa là năm bao nhiêu.,"Dựa trên tài liệu, だれと ほんをよんでいますか だれが ほんをよんでいますか Phan Thị Thu Hiền 先生(hienptt57） 46 ほんをよみます ナタポンさん Đọc sách với bạn (NIÊN) ねん: năm とし: năm, tuổi 今年 ことし Năm nay 1998年 1998 ねん Năm 1998 何年 なんねん Năm bao nhiêu 年 なにをしていますか？ a, b, c, d から いい こたえを えらんでください A：水はいくらですか。

Nguồn: [speaking test bai 6+7.pdf, trang 46]; [chu han.pdf, trang 60]; [chu han.pdf, trang 49]",chu han.pdf,60,Chữ Hán,False,False,True,0.1446,True,True,0.1902,17.74
四時 và 九時 đọc như thế nào?,reading,"四時 đọc là よじ, còn 九時 đọc là くじ.","Dựa trên tài liệu, (THỜI) じ: giờ とき:khi 四時 よじ 4 giờ 九時 くじ 9 giờ 何時 なんじ Mấy giờ 時 四時 よじ だれと ほんをよんでいますか だれが ほんをよんでいますか Phan Thị Thu Hiền 先生(hienptt57） 46 ほんをよみます ナタポンさん Đọc sách với bạn なにをしていますか？

Nguồn: [chu han.pdf, trang 61]; [chu han.pdf, trang 74]; [speaking test bai 6+7.pdf, trang 46]",chu han.pdf,61,Chữ Hán,False,False,True,0.1429,True,True,0.2813,17.4
時間 và 三時間 có nghĩa là gì?,definition,"時間 đọc là じかん, nghĩa là thời gian; 三時間 đọc là さんじかん, nghĩa là ba tiếng.","Dựa trên tài liệu, (GIAN) かん あいだ:ở giữa 時間 じかん thời gian 三時間 さんじかん 3 Tiếng 何時間 なんじかん Mấytiếng 間 時間 じかん (HÀ) なに/ なん: cái gì/ gì ニコニコショッピングビルで なにがありますか？

Nguồn: [chu han.pdf, trang 62]; [chu han.pdf, trang 72]; [speaking test bai 6+7.pdf, trang 32]",chu han.pdf,62,Chữ Hán,False,False,True,0.2121,True,True,0.3222,17.61
"一分, 六分 và 五分 đọc như thế nào?",reading,"一分 đọc là いっぷん, 六分 đọc là ろっぷん và 五分 đọc là ごふん.","Dựa trên tài liệu, 一分 いっぷん 1 phút 六分 ろっぷん 6 phút 半分 はんぶん Một nửa 分かります わかります Hiểu 五分 ごふん 5 phút 五分 ごふん a) 一間 b) 一時 c) 一分 d) 一年 a, b, c, d から いい こたえを えらんでください だれと ほんをよんでいますか だれが ほんをよんでいますか Phan Thị Thu Hiền 先生(hienptt57） 46 ほんをよみます ナタポンさん Đọc sách với bạn

Nguồn: [chu han.pdf, trang 64]; [chu han.pdf, trang 70]; [chu han.pdf, trang 77]",chu han.pdf,64,Chữ Hán,False,False,True,0.1609,True,True,0.3876,17.77
何曜日 đọc như thế nào và hỏi về điều gì?,definition,何曜日 đọc là なんようび và dùng để hỏi thứ mấy.,"Dựa trên tài liệu, 何月 なんがつ tháng mấy 何日 なんにち ngày mấy 何才 なんさい mấy tuổi 何人 なんにん mấy người 何曜日 なんようび Thứ mấy 何ですか 何を なんですか なにをしますか Cái gì だれと ほんをよんでいますか だれが ほんをよんでいますか Phan Thị Thu Hiền 先生(hienptt57） 46 ほんをよみます ナタポンさん Đọc sách với bạn しつもん（câu hỏi) ： 1ばん） 「私」は 何才ですか。 何曜日 ですか。

Nguồn: [speaking test bai 6+7.pdf, trang 46]; [chu han.pdf, trang 79]; [speaking test bai 6+7.pdf, trang 22]",chu han.pdf,66,Chữ Hán,False,False,True,0.1364,True,True,0.2346,18.11
"Trong đoạn đọc về sinh nhật, người kể bao nhiêu tuổi và sinh nhật khi nào?",comprehension,Người kể 20 tuổi; sinh nhật là ngày 25 tháng 7 và rơi vào Chủ nhật.,"Dựa trên tài liệu, (NIÊN) ねん: năm とし: năm, tuổi 今年 ことし Năm nay 1998年 1998 ねん Năm 1998 何年 なんねん Năm bao nhiêu 年 日本 にほん にっぽん Nhật Bản １０日 とおか Mùng 10 日曜日 にちようび Chủ nhật 13 誕生日 たんじょうび Ngày sinh nhật 火 水 金 土 日 木 月 やすみの日 やすみのひ Ngày nghỉ 土 THỔ 火 Hỏa 木 MỘC 水 THỦY 月 NHẬT NGUYỆT 日 金 KIM 土 THỔ 火 Hỏa 木 MỘC 水 THỦY 月 NHẬT 金 NGUYỆT KIM 日

Nguồn: [chu han.pdf, trang 13]; [chu han.pdf, trang 11]; [chu han.pdf, trang 60]",chu han.pdf,79,Chữ Hán,False,False,True,0.1043,True,False,0.2303,18.36
"Theo lịch trường học, kỳ nghỉ hè kéo dài từ khi nào đến khi nào?",comprehension,Kỳ nghỉ hè kéo dài từ ngày 1 tháng 7 đến ngày 30 tháng 8.,"Dựa trên tài liệu, (THỜI) じ: giờ とき:khi 四時 よじ 4 giờ 九時 くじ 9 giờ 何時 なんじ Mấy giờ 時 Cau hoi ngau nhien bai 7 1. うちにいぬがいますか？ 2.

Nguồn: [speaking test bai 6+7.pdf, trang 23]; [chu han.pdf, trang 61]; [speaking test bai 6+7.pdf, trang 43]",chu han.pdf,80,Chữ Hán,False,False,True,0.0588,True,False,0.1652,19.06
"Theo lịch trường học, lễ hội pháo hoa bắt đầu lúc mấy giờ?",comprehension,Lễ hội pháo hoa bắt đầu lúc 7 giờ tối ngày 15 tháng 8.,"Dựa trên tài liệu, (THỜI) じ: giờ とき:khi 四時 よじ 4 giờ 九時 くじ 9 giờ 何時 なんじ Mấy giờ 時 ひ: lửa (HỎA) か Lửa 火 水 金 土 月 木 火曜日 かようび Thứ 3 花火 はなび pháo hoa 何月 なんがつ tháng mấy 何日 なんにち ngày mấy 何才 なんさい mấy tuổi 何人 なんにん mấy người 何曜日 なんようび Thứ mấy 何ですか 何を なんですか なにをしますか Cái gì みなさんは日本の食べ物で何がいちばんすきですか。

Nguồn: [chu han.pdf, trang 61]; [chu han.pdf, trang 66]; [speaking test bai 6+7.pdf, trang 5]",chu han.pdf,80,Chữ Hán,False,False,True,0.1188,True,False,0.2549,20.08
"Theo đoạn văn về Mary, cô ấy đi làm và về nhà lúc mấy giờ?",comprehension,Mary đi đến công ty lúc 8 giờ và về nhà khoảng 9 giờ tối.,"Dựa trên tài liệu, (THỜI) じ: giờ とき:khi 四時 よじ 4 giờ 九時 くじ 9 giờ 何時 なんじ Mấy giờ 時 みなさんは日本の食べ物で何がいちばんすきですか。 私は おこのみやきが いちばん すきです。 お このみやきは日本のピザです。

Nguồn: [chu han.pdf, trang 61]; [speaking test bai 6+7.pdf, trang 5]; [speaking test bai 6+7.pdf, trang 21]",speaking test bai 6+7.pdf,7,Chữ Hán,False,False,True,0.0909,True,False,0.1804,18.62
Thuật toán Dijkstra hoạt động như thế nào?,out_of_scope,,"Dựa trên tài liệu, A：Cさんの誕生日、分かりますか。 B：いいえ、分かりません。 a) わかりません b) れかれません c) ねかれません d) かえりません a, b, c, d から いい こたえを えらんでください ９時30分に きます。

Nguồn: [chu han.pdf, trang 78]; [chu han.pdf, trang 76]; [SWT4.pdf, trang 1]",,,Ngoài tài liệu,True,False,False,0.0,True,True,0.1269,27.0
Định luật Ohm phát biểu điều gì?,out_of_scope,,"Dựa trên tài liệu, 日本 にほん にっぽん Nhật Bản １０日 とおか Mùng 10 日曜日 にちようび Chủ nhật 13 誕生日 たんじょうび Ngày sinh nhật 火 水 金 土 日 木 月 やすみの日 やすみのひ Ngày nghỉ Rationalising dangers  Rationalising is based on assumptions  Assumptions may be wrong!  Assumptions should be stated  Assumptions may change over time  Be aware of the dangers - Filling in the full table may find errors which will be missed if you rationalise - It is possible to rationalise too far 私は ダニエルです。かぞくは ４人です。あ に は 会社いんです。ちちは 大学で お しえています。はは（mẹ)は びょういんで はたらいています。私は ひろしま 大学 の１年生です。来年、そつぎょうします。

Nguồn: [chu han.pdf, trang 13]; [SWT4.pdf, trang 29]; [speaking test bai 6+7.pdf, trang 10]",,,Ngoài tài liệu,True,False,False,0.0,True,True,0.1187,27.22
Quang hợp ở thực vật diễn ra như thế nào?,out_of_scope,,"Dựa trên tài liệu, きのうの あさ、私は 一人で としょかんへ 行 きました。それから、スーパーで 買い物を しま した。午後、ともだちの 田中さんに 会いました。 いっしょにコメディを見に行きました。ゆうがた、 うちへ 帰りました。そして、えいごを べんきょ うしました。来週、テストがありますから。 Phan Thị Thu Hiền 先生 (hienptt57) 8 （Message） 田中さん、今、どこにいますか？私はいえを そう じしています。田中さんも来ました。だいどころで 野菜を きって、料理をつくっています。はやく来 てください。うちは さくら大学の前です。来たら、 電話してください。むかえに行きますから。

Nguồn: [speaking test bai 6+7.pdf, trang 8]; [speaking test bai 6+7.pdf, trang 19]; [speaking test bai 6+7.pdf, trang 40]",,,Ngoài tài liệu,True,False,False,0.0,True,True,0.1239,27.87
Chiến thắng Điện Biên Phủ diễn ra năm nào?,out_of_scope,,"Dựa trên tài liệu, (NIÊN) ねん: năm とし: năm, tuổi 今年 ことし Năm nay 1998年 1998 ねん Năm 1998 何年 なんねん Năm bao nhiêu 年 COMP 3111 4-91 System Requirements Capture8 October 2018© ASU: Use-case Detailed Specification—Style 2 (cont'd) Subflows S1: Create Schedule {Begin Creating Schedule} 1. The system retrieves and displa ys the available course information for the given term if the final date for changes has not passed. {Deadline Passed} 2.

Nguồn: [chu han.pdf, trang 60]; [UseCaseDetailedSpecification.pdf, trang 5]; [UseCaseDetailedSpecification.pdf, trang 6]",,,Ngoài tài liệu,True,False,False,0.0,True,True,0.1914,28.26
Công thức tính diện tích hình tròn là gì?,out_of_scope,,"Dựa trên tài liệu, (HÀ) なに/ なん: cái gì/ gì 私は ダニエルです。かぞくは ４人です。あ に は 会社いんです。ちちは 大学で お しえています。はは（mẹ)は びょういんで はたらいています。私は ひろしま 大学 の１年生です。来年、そつぎょうします。 Phan Thị Thu Hiền 先生 (hienptt57) 10 私のアパートはハッピービルの18かいです。ハッピー ビルは大きい本やと小さいレストランのあいだにあり ます。アパートのそとに小さい木があります。私はか わいいねこがいます。ねこはさかなを食べません。肉 が大すきです。毎日、いっしょに新聞を読みます。

Nguồn: [chu han.pdf, trang 65]; [speaking test bai 6+7.pdf, trang 10]; [speaking test bai 6+7.pdf, trang 20]",,,Ngoài tài liệu,True,False,False,0.0,True,True,0.1312,28.2
Ngôn ngữ lập trình Rust có cơ chế ownership như thế nào?,out_of_scope,,"Dựa trên tài liệu, Example: student access A university computer system allows students an allocation of disc space depending on their projects. If they have used all their allotted space, they are only allowed restricted access, i.e. to delete files, not to create them. This is assuming they have logged on with a valid username and password.

Nguồn: [SWT4.pdf, trang 21]; [SWT4.pdf, trang 16]; [SWT4.pdf, trang 27]",,,Ngoài tài liệu,True,False,False,0.0,True,True,0.1495,28.73
Blockchain đạt đồng thuận bằng cách nào?,out_of_scope,,"Dựa trên tài liệu, COMP 3111 4-91 System Requirements Capture8 October 2018© ASU: Use-case Detailed Specification—Style 2 (cont'd) Subflows S1: Create Schedule {Begin Creating Schedule} 1. The system retrieves and displa ys the available course information for the given term if the final date for changes has not passed. {Deadline Passed} 2. The Instructor selects the cour ses that he would like to teach.

Nguồn: [UseCaseDetailedSpecification.pdf, trang 5]; [UseCaseDetailedSpecification.pdf, trang 2]; [chu han.pdf, trang 8]",,,Ngoài tài liệu,True,False,False,0.0,True,True,0.2398,28.21
Hệ điều hành quản lý bộ nhớ ảo như thế nào?,out_of_scope,,"Dựa trên tài liệu, 金曜日 きんようび 金曜日 きんようび Statement coverage  percentage of executable statements exercised by a test suite number of statements exercised total number of statements  example: - program has 100 statements - tests exercise 87 statements - statement coverage = 87% = Typical ad hoc testing achieves 60 - 75% Statement coverage is normally measured by a software tool. COMP 3111 4-90 System Requirements Capture8 October 2018© ASU: Use-case Detailed Specification—Style 2 Use Case: Select Courses To Teach Brief Description This use case describes how a professor selects courses to teach for a term that has not started.

Nguồn: [chu han.pdf, trang 31]; [chu han.pdf, trang 43]; [SWT4.pdf, trang 36]",,,Ngoài tài liệu,True,False,False,0.0,True,True,0.1565,27.71
Các tầng của mô hình OSI là gì?,out_of_scope,,"Dựa trên tài liệu, (HÀ) なに/ なん: cái gì/ gì 今年は2023年です。 これは 学校の 一年の スケジュールです。 •４月20日（木曜日）に はなみです。

Nguồn: [chu han.pdf, trang 65]; [chu han.pdf, trang 80]; [speaking test bai 6+7.pdf, trang 15]",,,Ngoài tài liệu,True,False,False,0.0,True,True,0.1396,26.73
Hãy giải thích thuật toán backpropagation trong mạng nơ-ron.,out_of_scope,,"Dựa trên tài liệu, Contents The test development process Categories of test design techniques Black and White box testing Black box test techniques White box test techniques Experience-based techniques Choosing a test technique Test Design Techniques 1 2 3 4 5 6 Foundation Of Software Testing Contents The test development process Categories of test design techniques Black and White box testing Black box test techniques White box test techniques Experience-based techniques Choosing a test technique Test Design Techniques 1 2 3 4 5 6 Foundation Of Software Testing Contents The test development process Categories of test design techniques Black and White box testing Black box test techniques White box test techniques Experience-based techniques Choosing a test technique Test Design Techniques 1 2 3 4 5 6 Foundation Of Software Testing Contents The test development process Categories of test design techniques Black and White box testing Black box test techniques White box test techniques Experience-based techniques Choosing a test technique Test Design Techniques 1 2 3 4 5 6 Foundation Of Software Testing

Nguồn: [SWT4.pdf, trang 2]; [SWT4.pdf, trang 4]; [SWT4.pdf, trang 8]",,,Ngoài tài liệu,True,False,False,0.0,True,True,0.1835,27.29
